id;;;;
475;;;;
476;;;;
477;https://cabaprop.com.ar/uploads/properties/66637ffefc4a0a056318f7f4/8ca677dd-42aa-4b29-a771-ce3231eebf3f_2024-06-07_18-56-01.jpg;;;
478;;;;
479;;;;
480;https://http2.mlstatic.com/D_859825-MLA77197424124_072024-O.jpg;;;
481;;;;
482;;;;
483;;;;
484;https://cabaprop.com.ar/uploads/properties/666dc8a41c0795062f787704/ico2497_2.jpg;;;
485;;;;
486;;;;
487;;;;
488;https://cabaprop.com.ar/uploads/properties/65e1f6ec916c3f3bdd3cb41f/a79b1fa5-602b-4e2c-85df-6089741c34cc_2024-03-01_12-43-55.jpeg;;;
489;;;;
490;;;;
491;;;;
492;;;;
493;https://http2.mlstatic.com/D_806199-MLA54101780140_032023-O.jpg;;;
494;;;;
495;;;;
496;;;;
497;;;;
498;;;;
499;;;;
500;;;;
501;;;;
502;;;;
503;;;;
504;https://cabaprop.com.ar/uploads/properties/66aba3bb2c3d3032efbc79ed/9d6975a8-82aa-4092-ab06-acd4318ee079_2024-08-01_12-05-54.jpg;;;
505;https://cabaprop.com.ar/uploads/properties/65e21eee916c3f3bdd3cd879/a97fa40a-dc81-4b38-97a9-21c411e24ab0_2024-03-01_15-37-40.jpg;;;
506;https://http2.mlstatic.com/D_840335-MLA77034102694_062024-O.jpg;;;
507;;;;
508;;;;
509;;;;
510;https://cabaprop.com.ar/uploads/properties/6685d9bb9cd495a34e5a6ba2/cdbb8128-8539-4e27-9546-6af92e098d66_2024-07-03_20-13-14.jpg;;;
511;https://cabaprop.com.ar/uploads/properties/654515ad129a90a97ee30693/af0e1c72-16b0-4ff4-9e3c-760c2001654f_2023-11-03_12-48-05.JPG;;;
512;;;;
513;;;;
514;;;;
515;;;;
516;;;;
517;https://http2.mlstatic.com/D_981797-MLA77404261070_072024-O.jpg;;;
518;;;;
519;;;;
520;;;;
521;https://cabaprop.com.ar/uploads/properties/667dc9e641355b421a9b2c50/57b0baf4-7e0c-48ce-97f8-c86e18d0f5d3.jpeg;;;
522;https://cabaprop.com.ar/uploads/properties/6671f4fc1c0795062f7dedc0/2e6914da-e4a2-4b0e-a6ea-f175202f3509_2024-06-25_21-40-20.jpeg;;;
523;;;;
524;;;;
525;;;;
526;;;;
527;;;;
528;;;;
529;https://firebasestorage.googleapis.com/v0/b/furniture-ai.appspot.com/o/users%2F0fUcdqeOnxbtFNjTSIN6DW1nrqB3%2Ffootage%2Fac586f3d-98ea-4538-976f-ce7f829671c0-prueba3.PNG?alt=media&token=afb08fe1-d358-4cec-b212-8c8784a5d2e3;;;
530;;;;
531;;;;
532;https://cabaprop.com.ar/uploads/properties/65567e044f142769c59caa24/5668b074-35bc-4035-ad9f-944eb9f8f4a6_2023-11-16_17-46-08.jpeg;;;
533;;;;
534;;;;
535;;;;
536;;;;
537;;;;
538;;;;
539;;;;
540;;;;
541;;;;
542;;;;
543;;;;
544;;;;
545;;;;
546;;;;
547;https://http2.mlstatic.com/D_817926-MLA77603745734_072024-O.jpg;;;
548;;;;
549;;;;
550;;;;
551;;;;
552;;;;
553;;;;
554;https://cabaprop.com.ar/uploads/properties/65de56df916c3f3bdd3a0d9a/74e262d3-70e3-4226-9b36-67af61f7235d_2024-02-27_18-49-19.jpg;;;
555;;;;
556;;;;
557;;;;
558;;;;
559;https://cabaprop.com.ar/uploads/properties/65d501ff8c0888c823d606ed/84ec2ab6-ba5b-43ce-bd0c-139a5c7a0937_2024-02-20_16-52-07.jpg;;;
560;https://cabaprop.com.ar/uploads/properties/6650b14eae00054294aae0f9/181aba3c-c140-4dcd-88c4-3eb2d3c28ba0_2024-05-24_12-32-19.jpg;;;
561;;;;
562;;;;
563;https://cabaprop.com.ar/uploads/properties/669073558da0f0669c9839dc/bafde5da-1b74-43e9-9948-97a72582be07.jpeg;;;
564;https://cabaprop.com.ar/uploads/properties/66759eac146772e2da52036c/22544ef6-6a23-44fd-81cd-c02a6e299203.jpg;;;
565;;;;
566;https://http2.mlstatic.com/D_678348-MLA78192864761_082024-O.jpg;;;
567;https://cabaprop.com.ar/uploads/properties/651f04c77c62c214d27a3712/462f36bf-b7ce-4e64-a949-a3a34329bd9a_2023-10-05_15-49-30.jpg;;;
568;;;;
569;;;;
570;https://cabaprop.com.ar/uploads/properties/6515d64ce7333070079813e6/97807289-0b54-4b31-8ac8-d2fb9770cdf9.jpg;https://storage.googleapis.com/furniture-ai.appspot.com/users/IaGhPQ2MM2eZCNj56DxRQPgzwSk2/renders/XEZekKZVxs3Ncs8kwJKE/outputs/ea20c82a-9a38-4245-a9cb-badac1220f43-u1_0.png?GoogleAccessId=furniture-ai%40appspot.gserviceaccount.com&Expires=10363850328&Signature=FKuB%2BmJ32dhAOXEdfbiso3w6TbIF8DfLk7gjcjdmUyqMPCFO2%2BKtGWZeMvZvv6Z%2FWSwOi4Kh73iZusDdT1EzLASlbgoI%2FOFobtPr01Esx%2FpDKyP1zehoyFDjpwkyR5BHjZRePOdLppnYf%2Fqv5NHX4jwDZkgF58kTjzTCH57nTUTSGI%2F%2BQsQ6lT712mApYjA30eGcCFffF%2BWyDkbAZfpQqHtXEToltqzLnddGA2FMBGgrMh%2Bi3IHhpPBOWDI9cShVKgj09eMRGuydw9zsh3pHuqcfIVyArOrlzceK6uUGRfa0fbjDmDf613nOSWN0vCCH2zAJvVCxy11oKgE%2FoJzAFA%3D%3D;;
571;https://cabaprop.com.ar/uploads/properties/667d7acd9ea7b680fbd6e26f/3d67e0fa-8e2a-448f-8ff6-fc523d53b6f2_2024-06-27_11-50-44.jpeg;;;
572;https://cabaprop.com.ar/uploads/properties/660b4e13f7ea1f5ea4e27b12/c507ae9c-2491-4604-977e-6a3b0ea017ed_2024-04-01_21-21-42.jpg;;;
573;;;;
574;;;;
575;;;;
576;;;;
577;;;;
578;https://cabaprop.com.ar/uploads/properties/65c3cea85b9cd0e962091b66/86143f58-938a-4273-88de-7a877fcb0b9e.jpeg;;;
579;;;;
580;;;;
581;;;;
582;https://cabaprop.com.ar/uploads/properties/664c9d17ae00054294a7d05b/35fbbb4ad3441b64f0b6601445179eb5.jpg;;;
583;https://cabaprop.com.ar/uploads/properties/66ba9f6c2c3d3032efcf0d45/6bfd3b4320d12c31022cdc4a0d8da216.jpg;;;
584;;;;
585;;;;
586;;;;
587;;;;
588;https://http2.mlstatic.com/D_957221-MLA78217061509_082024-O.jpg;;;
589;https://cabaprop.com.ar/uploads/properties/667790f3fe7e663669875871/790a6468-4ade-413d-9e3f-86fee93b4bef_2024-06-23_00-12-18.jpg;;;
590;;;;
591;;;;
592;;;;
593;https://cabaprop.com.ar/uploads/properties/669976578da0f0669ca4e2af/2e9cf5c5-3c52-4f29-b760-5c81f63e4100_2024-07-18_17-14-38.jpg;https://storage.googleapis.com/furniture-ai.appspot.com/users/IaGhPQ2MM2eZCNj56DxRQPgzwSk2/renders/m9ZEObFP6qIRDMM3qnu2/outputs/93393cb0-43d3-49cc-b173-7c9240d337e0_0.png?GoogleAccessId=furniture-ai%40appspot.gserviceaccount.com&Expires=10363931699&Signature=MkcXRvyNKOnhHUbAuCsfobY1DM%2F3T%2F1SC%2FOTiSQrWF1%2FN00ePTH1xiSHl1b45uJdMgmCSaPGA2ldmEs8RoDljDsTO6p%2FD%2FRG4TOJNjEgBSGhOUu5KwOuVTqixcPvMfkgjlPzWegbVcjZtK9cAZI9QO16q0cYVkmGcLP%2FyEyXE8Hlt18xsf6jjAFMgVQuOGv%2FOpKlBZAkV1Sn47yuShQyGOGMUBUKIsOmOq%2FqN6FU%2FrvJlycxFe9gwRZdR%2FnMlq79sB16OjkIXAXnTiQOl1XzY%2FEbY71zLpcl%2BOjeca2xZbplRDRRCz0sxogl9qfsilH%2FvBybhkuKmEQrvlOppfIXuQ%3D%3D;;
594;https://cabaprop.com.ar/uploads/properties/6639714d50dde510f9f3d1a9/6cac0116-00ce-4281-83aa-ce270b56d5d7_2024-05-06_21-11-09.jpg;https://storage.googleapis.com/furniture-ai.appspot.com/users/IaGhPQ2MM2eZCNj56DxRQPgzwSk2/renders/pmkOmSmOyxwjKsjRywyX/outputs/a23ab873-ca2e-49cb-808c-e20ff9cc725b-u1_0.png?GoogleAccessId=furniture-ai%40appspot.gserviceaccount.com&Expires=10363860631&Signature=XMSkjfRoWrDPxXYgdKYLDzHbMo3L5iqKPvcic%2BN8cTmOdn%2BP%2FgUp3bdxUZe3l23dZlldCAYau%2FONWqFk%2FsOEp9hirpnlTZ8mbP8ZgMvl7sG%2BVEFjThINzDbZ%2BrzjG%2BNq7BzBJdhZB%2Blx5YDtCxp0KgDtJ3l0BjEoAKUPd39MVs5yzF77%2FYTdmPpeJj%2BSkSYVVyMVXSjvTz8MiAQ8qdhX7LW0kQRB5G5XIqAsGMa1MAAMgqoja%2B2pYJJmXFRA2YsECeAaKFFZDcd1pmYw0ySLnHKiFI0bfO%2BFvrdY9R%2BKmOPVMWeJWvltCrb3XJFsQhmChMisHNGRrm%2BhC2%2FZNDTUgQ%3D%3D;https://www.linkedin.com/in/luc%C3%ADa-bel%C3%A9n-mato-1b477615b/?originalSubdomain=ar;https://www.instagram.com/matoinmobiliaria/
595;;;;
596;https://http2.mlstatic.com/D_770667-MLA43149054966_082020-O.jpg;;;
597;;;;
598;;;;
599;;;;
600;;;;
601;;;;
602;;;;
603;;;;
604;;;;
605;https://http2.mlstatic.com/D_638148-MLA77601502271_072024-O.jpg;;;
606;;;;
607;https://cabaprop.com.ar/uploads/properties/651475c6e733307007979b8a/a06de8e0-99f0-4961-ab2c-b1a66a8d1a2c_2023-09-27_15-44-01.jpg;;;
608;;;;
609;;;;
610;;;;
611;;;;
612;;;;
613;;;;
614;;;;
615;https://cabaprop.com.ar/uploads/properties/669583838da0f0669c9e97aa/af877433-1545-448d-a9ac-307d8a9fb9a2_2024-07-15_18-04-16.jpg;;;
616;;;;
617;;;;
618;;;;
619;https://cabaprop.com.ar/uploads/properties/66bf72a92c3d3032efd42f87/1723154124jghom-2024-08-05-164815jpg.jpeg;;;
620;;;;
621;https://cabaprop.com.ar/uploads/properties/667ad02d9ea7b680fbd145b9/822095d2-9750-4937-afb7-acb10d9a65d3.jpeg;;;
622;;;;
623;;;;
624;;;;
625;;;;
626;;;;
627;;;;
628;;;;
629;;;;
630;;;;
631;;;;
632;;;;
633;;;;
634;;;;
635;;;;
636;;;;
637;https://cabaprop.com.ar/uploads/properties/668c2a8d8da0f0669c921b79/073e4fc5-7a64-4028-b453-03beec5fc20d_2024-07-08_15-09-51.jpeg;;;
638;;;;
639;https://cabaprop.com.ar/uploads/properties/65c276f05b9cd0e962084aa8/0a803920-b87e-420c-b46f-e9b29f85ad42_2024-02-06_15-35-43.jpg;;https://cabaprop.com.ar/propiedad/660eefa20b5d771cd9b5db46/Excelente-edificio-antiguo-en-2-plantas-totalmente-reciclado;https://cabaprop.com.ar/uploads/properties/660eefa20b5d771cd9b5db46/5c7b46b4-07e3-4524-a4a5-e5a898974fcc_2024-04-04_15-24-07.jpg
640;;;;
641;;;;
642;https://http2.mlstatic.com/D_603116-MLA76089936578_052024-O.jpg;;;
643;;;;
644;;;;
645;https://http2.mlstatic.com/D_944294-MLA77971303314_082024-O.jpg;;;
646;;;;
647;https://cabaprop.com.ar/uploads/properties/664e05e7ae00054294a8daed/crs1126_3.jpg;;;
648;;;;
649;;;;
650;;;;
651;;;;
652;;;;
653;;;;
654;;;;
655;;;;
656;https://cabaprop.com.ar/uploads/properties/66aa40f78da0f0669cbb8a97/be16eda4070184416c9731df3866f152.jpg;;;
657;;;;
658;;;;
659;;;;
660;https://http2.mlstatic.com/D_802705-MLA49773101485_042022-O.jpg;;;
661;;;;
662;;;;
663;;;;
664;;;;
665;;;;
666;;;;
667;;;;
668;https://http2.mlstatic.com/D_966460-MLA74957833431_032024-O.jpg;;;
669;;;;
670;;;;
671;;;;
672;;;;
673;;;;
674;;;;
675;https://cabaprop.com.ar/uploads/properties/6501dd1d4d146c1afd568ee3/5e9306bc-cff5-44d5-9ad6-b6281f080e03_2023-09-13_13-07-10.jpg;https://storage.googleapis.com/furniture-ai.appspot.com/users/IaGhPQ2MM2eZCNj56DxRQPgzwSk2/renders/6rg0PM5xyOLklqWNhx81/outputs/9eae68a6-989f-45eb-ba96-fc39873d63fe_0.png?GoogleAccessId=furniture-ai%40appspot.gserviceaccount.com&Expires=10364097801&Signature=OgERHXW%2BmYeDVcWzgXJh322B7bPyxzQmwXdOQwD9d0EIGRYM5%2FUICGxhrXkMj7rNa5CcwCHa9BXcNFgNC%2FdParLFXiVyBCQGCvq2%2B%2BOLPJA4ssUjPssq3AzJ88uNKR2r19834p1eu6HOSI87LK7RnkCGw9iM%2BSSzvDtNH6sN8QF6EtWndv2DISBE0NEJidIOTv2DT9dQ2WdGC7GSon4mRJ9mtO6h1UutvUe6GX0kLqWmGJ4a7UMrVkvmwhDM98v9rnO8QDDqOkExELObJVD%2FZ%2BR5QuyMJyp%2BmhdACcbKQBc2Kfb2843D6ei4VfkG3qSngyXq0usl3I4f0q1wIlUmxA%3D%3D;;
676;;;;
677;https://http2.mlstatic.com/D_644147-MLA78068991198_082024-O.jpg;;;
678;;;;
679;;;;
680;;;;
681;;;;
682;;;;
683;;;;
684;;;;
685;;;;
686;;;;
687;;;;
688;;;;
689;;;;
690;https://cabaprop.com.ar/uploads/properties/669caa338da0f0669ca79492/mnp1215_2.jpg;;;
691;;;;
692;;;;
693;;;;
694;https://http2.mlstatic.com/D_627211-MLA78076050038_082024-O.jpg;;https://cabaprop.com.ar/propiedad/6691f20d8da0f0669c9a3471/Departamento-2-Ambientes-Con-Balcon-Terraza-Todo-Luz;https://http2.mlstatic.com/D_894834-MLA73548910385_122023-O.jpg
695;;;;
696;;;;
697;;;;
698;;;;
699;;;;
700;;;;
701;;;;
702;;;;
703;https://http2.mlstatic.com/D_954558-MLA77080980088_062024-O.jpg;;;
704;;;;
705;;;;
706;;;;
707;;;;
708;;;;
709;;;;
710;;;;
711;;;;
712;https://http2.mlstatic.com/D_677054-MLA77405230182_072024-O.jpg;;;
713;;;;
714;;;;
715;;;;
716;;;;
717;;;;
718;https://http2.mlstatic.com/D_899319-MLA45628151754_042021-O.jpg;;;
719;https://cabaprop.com.ar/uploads/properties/66bf66532c3d3032efd41f2f/5fcf80fcfe4c5c5a2de54883c03dba27.jpg;;;
720;;;;
721;;;;
722;;;;
723;;;;
724;;;;
725;;;;
726;https://http2.mlstatic.com/D_828716-MLA69859189002_062023-O.jpg;;;
727;;;;
728;;;;
729;;;;
730;;;;
731;;;;
732;;;;
733;;;;
734;;;;
735;;;;
736;;;;
737;;;;
738;;;;
739;;;;
740;;;;
741;;;;
742;;;;
743;;;;
744;;;;
745;;;;
746;;;;
747;;;;
748;;;;
749;;;;
750;;;;
751;;;;
752;;;;
753;;;;
754;;;;
755;;;;
756;;;;
757;;;;
758;;;;
759;;;;
760;;;;
761;;;;
762;;;;
763;;;;
764;;;;
765;;;;
766;;;;
767;;;;
768;;;;
769;;;;
770;;;;
771;;;;
772;;;;
773;;;;
774;;;;
775;;;;
776;;;;
777;;;;
778;;;;
779;;;;
780;;;;
781;;;;
782;;;;
783;;;;
784;;;;
785;;;;
786;;;;
787;;;;
788;;;;
789;;;;
790;;;;
791;;;;
792;;;;
793;;;;
794;;;;
795;;;;
796;;;;
797;;;;
798;;;;
799;;;;
800;;;;
801;;;;
802;;;;
803;;;;
804;;;;
805;;;;
806;;;;
807;;;;
808;;;;
809;;;;
810;;;;
811;;;;
812;;;;
813;;;;
814;;;;
815;;;;
816;;;;
817;;;;
818;;;;
819;;;;
820;;;;
821;;;;
822;;;;
823;;;;
824;;;;
825;;;;
826;;;;
827;;;;
828;;;;
829;;;;
830;;;;
831;;;;
832;;;;
833;;;;
834;;;;
835;;;;
836;;;;
837;;;;
838;;;;
839;;;;
840;;;;
841;;;;
842;;;;
843;;;;
844;;;;
845;;;;
846;;;;
847;;;;
848;;;;
849;;;;
850;;;;
851;;;;
852;;;;
853;;;;
854;;;;
855;;;;
856;;;;
857;;;;
858;;;;
859;;;;
860;;;;
861;;;;
862;;;;
863;;;;
864;;;;
865;;;;
866;;;;
867;;;;
868;;;;
869;;;;
870;;;;
871;;;;
872;;;;
873;;;;
874;;;;
875;;;;
876;;;;
877;;;;
878;;;;
879;;;;
880;;;;
881;;;;
882;;;;
883;;;;
884;;;;
885;;;;
886;;;;
887;;;;
888;;;;
889;;;;
890;;;;
891;;;;
892;;;;
893;;;;
894;;;;
895;;;;
896;;;;
897;;;;
898;;;;
899;;;;
900;;;;
901;;;;
902;;;;
903;;;;
904;;;;
905;;;;
906;;;;
907;;;;
908;;;;
909;;;;
910;;;;
911;;;;
912;;;;
913;;;;
914;;;;
915;;;;
916;;;;
917;;;;
918;;;;
919;;;;
920;;;;
921;;;;
922;;;;
923;;;;
924;;;;
925;;;;
926;;;;
927;;;;
928;;;;
929;;;;
930;;;;
